experiment,seed,best_model,best_degree,min_mse_vs_true,mse_vs_noisy_at_best_model
sine_1d_homo,1,polynomial_deg_3,3,0.004591046555443499,0.04552309742927531
sine_1d_homo,2,polynomial_deg_3,3,0.004473631075844807,0.045321164209587046
sine_1d_homo,3,polynomial_deg_3,3,0.005271363066159186,0.04611913635332852
sine_1d_homo,4,polynomial_deg_3,3,0.004547259876115739,0.043794071947798975
sine_1d_homo,5,polynomial_deg_3,3,0.004587913211093124,0.04623135026848715
sine_1d_homo,6,polynomial_deg_3,3,0.004695593274973435,0.04410510851912981
sine_1d_homo,7,polynomial_deg_3,3,0.004488730294063858,0.04601282694899436
sine_1d_homo,8,polynomial_deg_3,3,0.004866919491285598,0.04316193748315887
sine_1d_homo,9,polynomial_deg_3,3,0.004406374837191108,0.04603948133018891
sine_1d_homo,10,polynomial_deg_3,3,0.004960905885574004,0.04509425851540534
sine_1d_homo,11,polynomial_deg_3,3,0.005045185079345211,0.04347058534830218
sine_1d_homo,12,polynomial_deg_3,3,0.004625035187196156,0.045104943221386536
sine_1d_homo,13,polynomial_deg_3,3,0.004853490328742604,0.04649372987724591
sine_1d_homo,14,polynomial_deg_3,3,0.004441355603029221,0.044157532229850506
sine_1d_homo,15,polynomial_deg_3,3,0.004365912286402542,0.04597745800342708
sine_1d_homo,16,polynomial_deg_3,3,0.004911218890370222,0.04381250717896908
sine_1d_homo,17,polynomial_deg_3,3,0.005079616535687483,0.044739687137837665
sine_1d_homo,18,polynomial_deg_3,3,0.004756681115287558,0.045219957503573174
sine_1d_homo,19,polynomial_deg_3,3,0.004969900798495451,0.04463339753991869
sine_1d_homo,20,polynomial_deg_3,3,0.0047187060983993655,0.04405202934793298
sine_1d_homo,21,polynomial_deg_3,3,0.004427866166429864,0.04355876258099721
sine_1d_homo,22,polynomial_deg_3,3,0.004511298478546035,0.045554564257116195
sine_1d_homo,23,polynomial_deg_3,3,0.004614877608165833,0.045097632243365854
sine_1d_homo,24,polynomial_deg_3,3,0.004633156302427375,0.04262827318974879
sine_1d_homo,25,polynomial_deg_3,3,0.004584285223252076,0.045566044122752086
sine_1d_homo,26,polynomial_deg_3,3,0.004332797167069206,0.043722309413791696
sine_1d_homo,27,polynomial_deg_3,3,0.004817948831507051,0.04542752970890958
sine_1d_homo,28,polynomial_deg_3,3,0.004647746019541106,0.04613131348010407
sine_1d_homo,29,polynomial_deg_3,3,0.004694082180599258,0.0455163088504194
sine_1d_homo,30,polynomial_deg_3,3,0.004559091078768847,0.04327183003340727
piecewise_1d_hetero_linear,1,polynomial_deg_3,3,0.0372392808898961,0.13325628079653748
piecewise_1d_hetero_linear,2,polynomial_deg_3,3,0.03543290214074912,0.1318368509113169
piecewise_1d_hetero_linear,3,polynomial_deg_3,3,0.033249243616612856,0.12761331293374598
piecewise_1d_hetero_linear,4,polynomial_deg_3,3,0.035596087562554286,0.1256938797506685
piecewise_1d_hetero_linear,5,polynomial_deg_3,3,0.03793301382518902,0.12913414377963825
piecewise_1d_hetero_linear,6,polynomial_deg_3,3,0.03669447097279836,0.1262021057954483
piecewise_1d_hetero_linear,7,polynomial_deg_3,3,0.035348612561985175,0.1292811080705108
piecewise_1d_hetero_linear,8,polynomial_deg_3,3,0.038360963586224685,0.12714608578449985
piecewise_1d_hetero_linear,9,polynomial_deg_3,3,0.03840900198395568,0.13184992398262876
piecewise_1d_hetero_linear,10,polynomial_deg_3,3,0.03667924098240346,0.12577446854340396
piecewise_1d_hetero_linear,11,polynomial_deg_3,3,0.03533106582680478,0.11967310983059017
piecewise_1d_hetero_linear,12,polynomial_deg_3,3,0.03527258474389138,0.12567524330162194
piecewise_1d_hetero_linear,13,polynomial_deg_3,3,0.035765068090551036,0.1306478520878361
piecewise_1d_hetero_linear,14,polynomial_deg_3,3,0.035434707143827,0.12833083952118737
piecewise_1d_hetero_linear,15,polynomial_deg_3,3,0.034133215530213444,0.1295995472404789
piecewise_1d_hetero_linear,16,polynomial_deg_3,3,0.033325960823178714,0.1258023184598677
piecewise_1d_hetero_linear,17,polynomial_deg_3,3,0.03726870135500846,0.12751673809873493
piecewise_1d_hetero_linear,18,polynomial_deg_3,3,0.03443290452593024,0.12909813489932712
piecewise_1d_hetero_linear,19,polynomial_deg_3,3,0.037472678642434636,0.13846767214845973
piecewise_1d_hetero_linear,20,polynomial_deg_3,3,0.03524600318459646,0.13060180004555666
piecewise_1d_hetero_linear,21,polynomial_deg_3,3,0.0358710050992717,0.13265021280378597
piecewise_1d_hetero_linear,22,polynomial_deg_3,3,0.03616415654651973,0.13088724579552125
piecewise_1d_hetero_linear,23,polynomial_deg_3,3,0.03606978546128461,0.1324704218799427
piecewise_1d_hetero_linear,24,polynomial_deg_3,3,0.03526311019456254,0.12539622883978102
piecewise_1d_hetero_linear,25,polynomial_deg_3,3,0.03486118604684671,0.12521630052500324
piecewise_1d_hetero_linear,26,polynomial_deg_3,3,0.035219761154203354,0.12263214283435597
piecewise_1d_hetero_linear,27,polynomial_deg_3,3,0.03602492564605817,0.12915385621609682
piecewise_1d_hetero_linear,28,polynomial_deg_3,3,0.03481040492147666,0.12840535509985537
piecewise_1d_hetero_linear,29,polynomial_deg_3,3,0.03510456728330707,0.1292539095573232
piecewise_1d_hetero_linear,30,polynomial_deg_3,3,0.036524997581752726,0.1325696737469581
product_sine_5d_homo,1,polynomial_deg_2,2,0.009436204123576665,0.031597261328380186
product_sine_5d_homo,2,polynomial_deg_2,2,0.008995369367695976,0.03089592103985418
product_sine_5d_homo,3,polynomial_deg_2,2,0.008319210001612586,0.03052070227310123
product_sine_5d_homo,4,polynomial_deg_2,2,0.00876019362477371,0.03155755076247951
product_sine_5d_homo,5,polynomial_deg_2,2,0.008412470484026763,0.031409918936071854
product_sine_5d_homo,6,polynomial_deg_2,2,0.008581454184066011,0.0313956807594517
product_sine_5d_homo,7,polynomial_deg_2,2,0.008686664437508615,0.03168807477601538
product_sine_5d_homo,8,polynomial_deg_2,2,0.008906263674381028,0.030063436953503407
product_sine_5d_homo,9,polynomial_deg_2,2,0.009888068571590343,0.03205605432501972
product_sine_5d_homo,10,polynomial_deg_2,2,0.009301812439981745,0.03280053329096264
product_sine_5d_homo,11,polynomial_deg_2,2,0.00843135075731679,0.02967616110631383
product_sine_5d_homo,12,polynomial_deg_2,2,0.009545541684279318,0.030909157179247415
product_sine_5d_homo,13,polynomial_deg_2,2,0.009348688478732554,0.03472193934374003
product_sine_5d_homo,14,polynomial_deg_2,2,0.008812105785778183,0.03246255882420445
product_sine_5d_homo,15,polynomial_deg_2,2,0.009574457434288667,0.03133451453623208
product_sine_5d_homo,16,polynomial_deg_2,2,0.008329541201036348,0.030722174401695865
product_sine_5d_homo,17,polynomial_deg_2,2,0.0086571167709664,0.033483508990639094
product_sine_5d_homo,18,polynomial_deg_2,2,0.009088489607693267,0.029722940917170183
product_sine_5d_homo,19,polynomial_deg_2,2,0.00879215167200797,0.03286698307069679
product_sine_5d_homo,20,polynomial_deg_2,2,0.009755423110785184,0.03186816935994445
product_sine_5d_homo,21,polynomial_deg_2,2,0.00853839480224887,0.03143976284403439
product_sine_5d_homo,22,polynomial_deg_2,2,0.008827044911690589,0.031112598326587193
product_sine_5d_homo,23,polynomial_deg_2,2,0.009187615452117633,0.03129757045338519
product_sine_5d_homo,24,polynomial_deg_2,2,0.008590588026366823,0.031008882478481575
product_sine_5d_homo,25,polynomial_deg_2,2,0.007756812679493766,0.029372082661602687
product_sine_5d_homo,26,polynomial_deg_2,2,0.009105429391977518,0.03054141041437641
product_sine_5d_homo,27,polynomial_deg_2,2,0.008249065663280859,0.03108344087162025
product_sine_5d_homo,28,polynomial_deg_2,2,0.009848236203727056,0.03219036877600499
product_sine_5d_homo,29,polynomial_deg_2,2,0.008320470257534102,0.028929854355073854
product_sine_5d_homo,30,polynomial_deg_2,2,0.008181651071452597,0.02971490708797765
linear_sum_10d_hetero_radial,1,linear,1,0.0014260205669987531,0.13281853434552857
linear_sum_10d_hetero_radial,2,linear,1,0.0018458296431660226,0.13620838729585477
linear_sum_10d_hetero_radial,3,linear,1,0.004432937743658604,0.14456918871958022
linear_sum_10d_hetero_radial,4,linear,1,0.0031515661277159448,0.1417844442062269
linear_sum_10d_hetero_radial,5,linear,1,0.003424204971904986,0.1368923493013175
linear_sum_10d_hetero_radial,6,linear,1,0.0017747383270643499,0.13214872865407856
linear_sum_10d_hetero_radial,7,linear,1,0.0016741044627469224,0.13959475499654167
linear_sum_10d_hetero_radial,8,linear,1,0.0009625965822979366,0.143273680741031
linear_sum_10d_hetero_radial,9,linear,1,0.0018268193250204905,0.13934521650210296
linear_sum_10d_hetero_radial,10,linear,1,0.0009407467210129932,0.1286643358354495
linear_sum_10d_hetero_radial,11,linear,1,0.0022320270956948003,0.13525835401890926
linear_sum_10d_hetero_radial,12,linear,1,0.0032179717000613214,0.1395929116195273
linear_sum_10d_hetero_radial,13,linear,1,0.004507873747517056,0.1325272311142664
linear_sum_10d_hetero_radial,14,linear,1,0.0022715939003633075,0.13483089136115467
linear_sum_10d_hetero_radial,15,linear,1,0.004007439730800522,0.14920717767224714
linear_sum_10d_hetero_radial,16,linear,1,0.0031381122970301698,0.1330831733129631
linear_sum_10d_hetero_radial,17,linear,1,0.002425155111442038,0.13356254013675953
linear_sum_10d_hetero_radial,18,linear,1,0.0044231958359168344,0.1391050084528277
linear_sum_10d_hetero_radial,19,linear,1,0.0011819695841240668,0.13820528258044834
linear_sum_10d_hetero_radial,20,linear,1,0.002808487402073393,0.1424486420991817
linear_sum_10d_hetero_radial,21,linear,1,0.0033684077395143364,0.13728580896896303
linear_sum_10d_hetero_radial,22,linear,1,0.0015490039529989334,0.13726065333868417
linear_sum_10d_hetero_radial,23,linear,1,0.0008190085939750202,0.13689115091227505
linear_sum_10d_hetero_radial,24,linear,1,0.0037478175425120046,0.1376559991082947
linear_sum_10d_hetero_radial,25,linear,1,0.002937382108741977,0.1266456363889545
linear_sum_10d_hetero_radial,26,linear,1,0.0018194060060170926,0.14067631633802752
linear_sum_10d_hetero_radial,27,linear,1,0.0056039993392940895,0.13962712291514587
linear_sum_10d_hetero_radial,28,linear,1,0.004552216558081902,0.13992516898926335
linear_sum_10d_hetero_radial,29,linear,1,0.000970435256202895,0.13000702935793623
linear_sum_10d_hetero_radial,30,linear,1,0.0023668128744635014,0.13152697158314913
